Image Name,Page Title
basketweavest.jpg,Knitting Stitch Patterns-Basketweave Stitch
bw2front.jpg,Knitting Stitch Patterns-Basketweave Stitch II
bw2back.jpg,Knitting Stitch Patterns-Basketweave Stitch II
doublemossst.jpg,Knitting Stitch Patterns-Box Stitch
brokenribws.jpg,Knitting Stitch Patterns-Broken Rib
brokenrib.jpg,Knitting Stitch Patterns-Broken Rib
checksridgesrs.jpg,Knitting Stitch Patterns-Checks and Ridges
checksridgesws.jpg,Knitting Stitch Patterns-Checks and Ridges
chevronstst.jpg,Knitting Stitch Patterns-Chevron Stitch
closechecks.jpg,Knitting Stitch Patterns-Reversible Close Checks
diagrib.jpg,Knitting Stitch Patterns-Diagonal Rib
diagonals.jpg,Knitting Stitch Patterns-Diagonals
embossedst.jpg,Knitting Stitch Patterns-Diamond Pattern
doublebasketweave.jpg,Knitting Stitch Patterns-Double Basketweave
doublemossst.jpg,Knitting Stitch Patterns-Double Seed Stitch
elongchev.jpg,Knitting Stitch Patterns-Elongated Chevron
diamondst.jpg,Knitting Stitch Patterns-Embossed Diamonds
embmossrib.jpg,Knitting Stitch Patterns-Embossed Moss Ribbing
garterrib.jpg,Knitting Stitch Patterns-Garter Rib
garterst.jpg,Garter Stitch
garterstepsrs.jpg,Knitting Stitch Patterns-Garter Stitch Steps
garterstepsws.jpg,Knitting Stitch Patterns-Garter Stitch Steps
invdiamonds.jpg,Knitting Stitch Patterns-Inverness Diamonds
kingst.jpg,Knitting Stitch Patterns-King Charles Brocade
giantdiamondrs.jpg,Knitting Stitch Patterns-Large Diamonds
giantdiamondws.jpg,Knitting Stitch Patterns-Large Diamonds
littlepyramid.jpg,Knitting Stitch Patterns-Little Pyramids
mistakerib.jpg,Knitting Stitch Patterns-Mistake Rib
mockcable.jpg,Knitting Stitch Patterns-Mock Cable
mossdiamonds.jpg,Knitting Stitch Patterns-Moss Diamonds
mosspanels.jpg,Knitting Stitch Patterns-Moss Panels
mossst.jpg,Knitting Stitch Patterns-Moss Stitch
bhblanketrs1.jpg,Knitting Stitch Patterns-Moss Stitch Border Diamonds
bhblanketws1.jpg,Knitting Stitch Patterns-Moss Stitch Border Diamonds
mossparallelogramsrs.jpg,Knitting Stitch Patterns-Moss Stitch Parallelograms
parallelograms.jpg,Knitting Stitch Patterns-Parallelograms
paraellelograms2.jpg,Knitting Stitch Patterns-Parallelograms II
pavillion.jpg,Knitting Stitch Patterns-Pavilion
piquetrirs.jpg,Knitting Stitch Patterns-Pique Triangles
piquetriws.jpg,Knitting Stitch Patterns-Pique Triangles
plaindiamondsrs.jpg,Knitting Stitch Patterns-Plain Diamonds
plaindiamondsws.jpg,Knitting Stitch Patterns-Plain Diamonds
purledladderrs.jpg,Knitting Stitch Patterns-Purled Ladder Stitch
purledladderws.jpg,Knitting Stitch Patterns-Purled Ladder Stitch
rice.jpg,Knitting Stitch Patterns-Rice Stitch
SeedRib.jpg,Knitting Stitch Patterns-Seed Rib Lattice
seedst.jpg,Knitting Stitch Patterns-Seed Stitch
singlechevron.jpg,Knitting Stitch Patterns-Single Chevron
spacedchecks.jpg,Knitting Stitch Patterns-Spaced Checks
stssquaresinsquares.jpg,Knitting Stitch Patterns-Squares In Squares Stitch (Reversible)
thermal.jpg,Knitting Stitch Patterns-Thermal Underwear Stitch
triangleribsrs.jpg,Knitting Stitch Patterns-Triangle Ribs
triangleribsws.jpg,Knitting Stitch Patterns-Triangle Ribs
piquetrirs.jpg,Knitting Stitch Patterns-Triangle Squares
piquetriws.jpg,Knitting Stitch Patterns-Triangle Squares
triangles.jpg,Knitting Stitch Patterns-Triangles
twinrib.jpg,Knitting Stitch Patterns-Twin Rib
2rib.jpg,Knitting Stitch Patterns-Two By Two Rib
windmill2.jpg,Knitting Stitch Patterns-Windmill
wovenst.jpg,Knitting Stitch Patterns-Woven Stitch
doublemossst.jpg,Knitting Stitch Patterns-Box Stitch
BriocheRib.jpg,Knitting Stitch Patterns-Brioche Rib
checksridgesrs.jpg,Knitting Stitch Patterns-Checks and Ridges
checksridgesws.jpg,Knitting Stitch Patterns-Checks and Ridges
closechecks.jpg,Knitting Stitch Patterns-Reversible Close Checks
scarfcondoclose.jpg,Knitting Stitch Patterns-Condo Stitch
diagrib.jpg,Knitting Stitch Patterns-Diagonal Rib
diagonals.jpg,Knitting Stitch Patterns-Diagonals
doublemossst.jpg,Knitting Stitch Patterns-Double Seed Stitch
elongchev.jpg,Knitting Stitch Patterns-Elongated Chevron
fishermanrib.jpg,Knitting Stitch Patterns-Fisherman's Rib
babyaf2.jpg,Knitting Stitch Patterns-Garter And Loops
garterrib.jpg,Knitting Stitch Patterns-Garter Rib
garterst.jpg,Garter Stitch
garterstepsrs.jpg,Knitting Stitch Patterns-Garter Stitch Steps
garterstepsws.jpg,Knitting Stitch Patterns-Garter Stitch Steps
giantdiamondrs.jpg,Knitting Stitch Patterns-Large Diamonds
giantdiamondws.jpg,Knitting Stitch Patterns-Large Diamonds
layettestitch.jpg,Knitting Stitch Patterns-Layette Stitch
littlepyramid.jpg,Knitting Stitch Patterns-Little Pyramids
mistakerib.jpg,Knitting Stitch Patterns-Mistake Rib
mockcable.jpg,Knitting Stitch Patterns-Mock Cable
mosspanels.jpg,Knitting Stitch Patterns-Moss Panels
mossst.jpg,Knitting Stitch Patterns-Moss Stitch
bhblanketrs1.jpg,Knitting Stitch Patterns-Moss Stitch Border Diamonds
bhblanketws1.jpg,Knitting Stitch Patterns-Moss Stitch Border Diamonds
opengarter.jpg,Knitting Stitch Patterns-Open Work Garter Ridges
parallelograms.jpg,Knitting Stitch Patterns-Parallelograms
paraellelograms2.jpg,Knitting Stitch Patterns-Parallelograms II
pavillion.jpg,Knitting Stitch Patterns-Pavilion
piquetrirs.jpg,Knitting Stitch Patterns-Pique Triangles
piquetriws.jpg,Knitting Stitch Patterns-Pique Triangles
plaindiamondsrs.jpg,Knitting Stitch Patterns-Plain Diamonds
plaindiamondsws.jpg,Knitting Stitch Patterns-Plain Diamonds
purledladderrs.jpg,Knitting Stitch Patterns-Purled Ladder Stitch
purledladderws.jpg,Knitting Stitch Patterns-Purled Ladder Stitch
romanstripe.jpg,Knitting Stitch Patterns-Roman Stripe
seafoam.jpg,Knitting Stitch Patterns-Seafoam Stitch
SeedRib.jpg,Knitting Stitch Patterns-Seed Rib Lattice
seedst.jpg,Knitting Stitch Patterns-Seed Stitch
stssquaresinsquares.jpg,Knitting Stitch Patterns-Squares In Squares Stitch (Reversible)
thermal.jpg,Knitting Stitch Patterns-Thermal Underwear Stitch
triangleribsrs.jpg,Knitting Stitch Patterns-Triangle Ribs
triangleribsws.jpg,Knitting Stitch Patterns-Triangle Ribs
piquetrirs.jpg,Knitting Stitch Patterns-Triangle Squares
piquetriws.jpg,Knitting Stitch Patterns-Triangle Squares
triangles.jpg,Knitting Stitch Patterns-Triangles
twinrib.jpg,Knitting Stitch Patterns-Twin Rib
2rib.jpg,Knitting Stitch Patterns-Two By Two Rib
windmill2.jpg,Knitting Stitch Patterns-Windmill
butterfly.jpg,Knitting Stitch Patterns-Butterfly
crossthrowfront.jpg,Knitting Stitch Patterns-Crossed Throw Stitch
crossthrowback.jpg,Knitting Stitch Patterns-Crossed Throw Stitch
diageyelet.jpg,Knitting Stitch Patterns-Diagonal Eyelets
garlandbig.jpg,Knitting Stitch Patterns-Garland
babyaf2.jpg,Knitting Stitch Patterns-Garter And Loops
gartereyelet.jpg,Knitting Stitch Patterns-Garter Eyelet
garterlace.jpg,Knitting Stitch Patterns-Garter Lace
laceribbig.jpg,Knitting Stitch Patterns - Lace Ribbing
lacylattice.jpg,Knitting Stitch Patterns-Lacy Lattice
layettestitch.jpg,Knitting Stitch Patterns-Layette Stitch
littleshell.jpg,Knitting Stitch Patterns-Little Shell
openhoney.jpg,Knitting Stitch Patterns-Open Honeycomb
opentwistedrib.jpg,Knitting Stitch Patterns-Open Twisted Rib
opengarter.jpg,Knitting Stitch Patterns-Open Work Garter Ridges
pilaropenwork.jpg,Knitting Stitch Patterns-Pillar Openwork
scallop1.jpg,Knitting Stitch Patterns-Purl Bar Scallops I
scallop2.jpg,Knitting Stitch Patterns-Purl Bar Scallops II
romanstripe.jpg,Knitting Stitch Patterns-Roman Stripe
seafoam.jpg,Knitting Stitch Patterns-Seafoam Stitch
shawlshelllaceclose.jpg,Knitting Stitch Patterns-Shell Lace
stsstarribmesh.jpg,Knitting Stitch Patterns-Star Rib Mesh
triplechevron.jpg,Knitting Stitch Patterns-Triple Chevron
triplechevron2.jpg,Knitting Stitch Patterns-Triple Chevron
twocolorstar.jpg,Knitting Stitch Patterns-Two Color Star Stitch
veil.jpg,Knitting Stitch Patterns-Veil Stitch
zigzaglace.jpg,Knitting Stitch Patterns-Zig Zag Lace
mosaicabstract4.jpg,Knitting Stitch Patterns-Abstract Mosaic Pattern
mosaiclattice.jpg,Knitting Stitch Patterns - Mosaic Lattice Pattern
mosaicpyramid2.jpg,Knitting Stitch Patterns - Mosaic Pyramid Pattern
mosaiczig.jpg,Knitting Stitch Patterns - Mosaic Zig Zag Pattern
gssaffront.jpg,Knitting Stitch Patterns-Afghan Stitch
gssafback.jpg,Knitting Stitch Patterns-Afghan Stitch
2colorbwf.jpg,Knitting Stitch Patterns-Two Color Basketweave
2colorbwb.jpg,Knitting Stitch Patterns-Two Color Basketweave
chevafclose.jpg,Knitting Stitch Patterns-Chevron Stripes
diamondcheck.jpg,Knitting Stitch Patterns-Diamond Check
garterdandd.jpg,Knitting Stitch Patterns-Dots And Dashes
3colorafclosebig.jpg,Knitting Stitch Patterns-Flame Stitch
garterlinked.jpg,Knitting Stitch Patterns-Linked Stripe
twocolorstar.jpg,Knitting Stitch Patterns-Two Color Star Stitch
swisscheck.jpg,Knitting Stitch Patterns-Swiss Check
trianglecheck.jpg,Knitting Stitch Patterns-Triangle Check
slsttrichecks.jpg,Knitting Stitch Patterns-Triangle Check
2colorlattice.jpg,Knitting Stitch Patterns-Two Color Lattice
2stcheck.jpg,Knitting Stitch Patterns-Two Stitch Check
weltedfront.jpg,Knitting Stitch Patterns-Welted Fantastic
weltedback.jpg,Knitting Stitch Patterns-Welted Fantastic
gssaffront.jpg,Knitting Stitch Patterns-Afghan Stitch
gssafback.jpg,Knitting Stitch Patterns-Afghan Stitch
bee.jpg,Knitting Stitch Patterns-Bee Stitch
blanketmoss.jpg,Knitting Stitch Patterns-Blanket Moss Stitch
BriocheRib.jpg,Knitting Stitch Patterns-Brioche Rib
chevronandfeather.jpg,Knitting Stitch Patterns-Chevron And Feather
scarfcondoclose.jpg,Knitting Stitch Patterns-Condo Stitch
crossthrowfront.jpg,Knitting Stitch Patterns-Crossed Throw Stitch
crossthrowback.jpg,Knitting Stitch Patterns-Crossed Throw Stitch
starstitch.jpg,Knitting Stitch Patterns-Daisy Stitch
doublemockrib.jpg,Knitting Stitch Patterns-Double Mock Rib
dssfront2.jpg,Knitting Stitch Patterns-Double Stockinette Stitch
dssback2.jpg,Knitting Stitch Patterns-Double Stockinette Stitch
doublelattice.jpg,Knitting Stitch Patterns-Double Lattice
fishermanrib.jpg,Knitting Stitch Patterns-Fisherman's Rib
babyaf2.jpg,Knitting Stitch Patterns-Garter And Loops
gingham.jpg,Knitting Stitch Patterns-Gingham Check
HuntersStitch.jpg,Knitting Stitch Patterns-Hunter's Stitch
twistedlattice.jpg,Knitting Stitch Patterns-Knit Lattice
knotst.jpg,Knitting Stitch Patterns - Knot Stitch
knottedrib.jpg,Knitting Stitch Patterns-Knotted Rib
linenfront.jpg,Knitting Stitch Patterns-Linen Stitch
linenback.jpg,Knitting Stitch Patterns-Linen Stitch
littlebutterfly.jpg,Knitting Stitch Patterns-Little Butterfly
littleshell.jpg,Knitting Stitch Patterns-Little Shell
mockhoneycomb.jpg,Knitting Stitch Patterns-Mock Honeycomb
mockhoneycomb2.jpg,Knitting Stitch Patterns-Mock Honeycomb
opentwistedrib.jpg,Knitting Stitch Patterns-Open Twisted Rib
plaitedbasket.jpg,Knitting Stitch Patterns-Plaited Basket Stitch
puffrib.jpg,Knitting Stitch Patterns-Puff Rib
quiltedlattice.jpg,Knitting Stitch Patterns-Quilted Lattice
ridge.jpg,Knitting Stitch Patterns-Ridges
stsrose.jpg,Knitting Stitch Patterns-Rose Stitch
royalquilt.jpg,Knitting Stitch Patterns-Royal Quilting
sliphoneycomb.jpg,Knitting Stitch Patterns-Slip Stitch Honeycomb
trellisst.jpg,Knitting Stitch Patterns-Trellis Stitch
turkish.jpg,Knitting Stitch Patterns-Trinity Stitch
2colorlattice.jpg,Knitting Stitch Patterns-Two Color Lattice
twocolorstar.jpg,Knitting Stitch Patterns-Two Color Star Stitch
veil.jpg,Knitting Stitch Patterns-Veil Stitch
waffleseed.jpg,Knitting Stitch Patterns-Waffle Seed Stitch
waterfall.jpg,Knitting Stitch Patterns-Waterfall
weltedfront.jpg,Knitting Stitch Patterns-Welted Fantastic
weltedback.jpg,Knitting Stitch Patterns-Welted Fantastic
wovenherringbone.jpg,Knitting Stitch Patterns-Woven Transverse Herringbone
6-6cable.jpg,Knitting Stitch Patterns-6 Stitch Cable Crossed Every 6th Row
6-8cable.jpg,Knitting Stitch Patterns-6 Stitch Cable Crossed Every 8th Row
8-10cable.jpg,Knitting Stitch Patterns-8 Stitch Cable Crossed Every 10th Row
bobbletree.jpg,Knitting Stitch Patterns-Bobble Tree
cabledfeather.jpg,Knitting Stitch Patterns-Cabled Feather
crisscrosscable3.jpg,Knitting Stitch Patterns-Criss Cross Cable With Twists
eccentric.jpg,Knitting Stitch Patterns-Eccentric Cable
ecccable2rightfront.jpg,Knitting Stitch Patterns-Eccentric Cable II
ecccable2leftfront.jpg,Knitting Stitch Patterns-Eccentric Cable II
twbraided.jpg,Knitting Stitch Patterns-Twisted Braided Cable
wavelattice.jpg,Knitting Stitch Patterns-Wave Lattice
cableedging.jpg,Knitting Stitch Patterns-Cable Edging
cableinsertion.jpg,Knitting Stitch Patterns-Cable Edging II
diamondedging.JPG,Knitting Stitch Patterns-Diamond Edging
diamondedge.jpg,Knitting Stitch Patterns-Lace Edging
lacystripes.jpg,Knitting Stitch Patterns-Lacy Stripes
lacysquares.JPG,Knitting Stitch Patterns-Lacy Squares
meshtriangles.jpg,Knitting Stitch Patterns-Mesh Triangles
